review_id,customer_id,product_id,review_date,rating,review_text
a149f252-8ce1-4e28-b72e-092e31b63545,1416,14,2021-11-30,5,Person director serious great establish area military. Much performance part. On decide speech figure ok realize explain. Act board six true natural over pattern. Media rich market compare low.
e9d9298f-7bff-4a6e-b8c7-47476d4ffdea,1052,68,2022-06-26,3,Subject high born. Matter rest part spend. Option money gas meeting end remember. Grow room figure meet space kid machine. Price at community relationship.
4a91415a-09fb-435a-a983-b9283b1e2020,1535,64,2018-05-07,4,Rather summer out successful crime computer. East mouth white data fall in full music. Person hospital much brother. Concern who establish forget get despite west material. Pm blue sense even him.
5ef8e3cf-eb51-4ed0-bbb5-68d8bf252b06,1438,40,2019-12-20,2,Mother on rest many cold. Forward let commercial then. Free positive answer citizen. Project gun view card. Concern city these type find hospital on. Mind listen short everybody its how.
2e2955f6-dba3-44e0-bcdd-6cbd428d9ebf,1052,23,2018-11-12,1,Defense appear into simply. Increase cut what may collection response. Once hear member fire right people throughout. Land improve citizen throw business gas. Else yet you begin gun.
951723e9-5b6a-4540-aa10-119398ba966d,1498,51,2019-09-27,5,Break will fine together. Method compare until clearly between per economic. Like admit response yeah explain successful anything. Prove across despite specific happen.
acd3561b-36cf-473d-8d0f-9f8a68b48156,1191,5,2021-01-03,4,Six beyond understand mouth government whether husband. Approach avoid medical force. Key central side student main trade.
0e13395b-46c5-4d3b-a2fd-45dc8f9fa63d,1391,80,2022-06-12,2,Morning whatever social down series they. Friend left mean act quite herself. Show live party American practice population.
3e4d488d-e272-4b23-8d0f-015c1e5295a0,1256,17,2020-06-23,3,Manage glass authority traditional lay throughout. Fine police until surface husband organization. Hair memory significant couple. Sport political education sure control.
96f96e52-da04-42ee-b486-18e224ac4375,1019,49,2021-08-01,3,Hotel military recent if available several. Better interest read. Tonight even avoid pay. Toward will key movie business they new course.
ca259bf3-d12d-49bb-b238-0f134726b696,1105,63,2022-09-12,4,Would protect present community level mind rise. Indicate still now. Middle quality eight win seem chair. City book move miss right difficult outside. Cold beat receive get modern people wind.
1386b8c9-a520-41d2-b0dd-6aa5ed18c5b3,1059,13,2022-08-17,1,Win house single realize. Need air to go describe themselves enjoy. There number trip range. Maintain majority training describe commercial. System need deal year together edge.
d26ff010-70ca-493e-8dc4-0a948e15f3b8,1360,38,2017-09-11,2,Measure issue city indicate art. Eight former behavior leader land her yeah less. Director notice use politics hope. Rise care without himself take. Left night hand something care night.
9cf758d1-ff77-4bd4-b684-80ce2d6bae91,1187,1,2018-04-24,4,Cold author make chance price good need history. Piece scene might worry financial raise. Moment fly son key. Meeting effort maintain behind. Pass the drive. Car relate child.
04162296-dd0e-48fb-93c9-a0b5991491e5,1066,35,2021-07-05,3,Edge imagine hard remember range yes. Boy political blood smile understand off offer behavior.
9c2d6d3a-366e-4ede-a828-e2f7195c7966,1023,63,2018-02-04,3,Friend administration he risk TV still then. Industry very community quality question happy. Oil best candidate Republican chance pick. Especially level everybody goal.
7d63deb2-e3d9-42ee-b8f1-2b3a93ec79f4,1281,34,2020-03-04,1,Someone thousand consider however simple enough lawyer discussion. Senior only large something. Doctor pull structure training goal we plan.
331a3a84-3851-4470-b9de-ffb190d0708e,1344,57,2022-01-02,4,City enter while suggest. Serious memory break shake forget. Help it relationship research general state hospital staff. Environment player always team say successful front.
f06a26d4-6242-44bc-9f4f-357b08116385,1320,62,2019-07-13,3,My actually between city. Rock this interest term example somebody. Decade all performance some concern record either. What six public prepare say very catch. Ask also challenge adult.
c1a655f9-667d-4a95-a4d6-5c39ddb521e5,1455,24,2019-06-19,1,Lawyer place imagine simply chance beat if. Join leg certain feel lawyer college night continue. Head set gas expert model.
606339b0-f7d8-4206-80bb-4c23bd14a355,1466,55,2018-06-20,4,Policy professional answer support dinner. Follow recognize computer PM second. Piece five fast tend cup. Camera east identify. Home issue official. Receive foot far condition.
737704d2-ab64-4338-8d69-c404973be42c,1128,19,2021-08-02,4,President company shoulder fund growth. With woman save off her energy her. Lawyer probably name.
0eeda417-387f-4cc5-9cf1-22f538e1ea7d,1485,46,2018-08-16,4,Weight pick general tough. Pressure responsibility may happen. Major here market believe forget very. Painting fill glass suffer.
447fa5cd-180a-45e4-be44-d6d28c24528b,1154,56,2023-05-21,2,Fish amount bill hot assume phone. Family quite central deal purpose. Together success under back hour.
a10add13-bc50-4efd-b071-d664dea40df3,1022,76,2018-07-28,1,Career billion yet author outside growth system. Card political drug main pattern behavior. Center someone nice business career left military. Two as put debate themselves.
7b071c2b-29bf-462c-a2d9-0ef2f8abc579,1226,41,2020-07-31,5,Mission role ability not change traditional physical. Cover southern discover charge economy available. Meeting your represent personal body position.
70b6889e-117c-4380-91c8-33b671827bcc,1536,9,2023-04-30,1,Send very food water investment fund but. Alone if talk time bit president stage. Magazine contain myself keep move. May me happy space change with. Apply choice protect deep today event.
2e20e3fa-b868-4791-ac0c-643a5f717312,1091,32,2023-01-19,1,Owner agent shoulder method. Loss what student trade large thus. Congress event example care sport notice.
7595bb9f-8a9a-49eb-82b6-d1d99f327199,1566,77,2020-05-17,1,Success book focus agency writer spend. Close strong return tonight democratic job. Feel anyone effect. List she head news expert week provide.
fbb1b39e-8599-4145-be80-e52e1437597b,1176,78,2021-06-26,1,Fund study decade society. Different long western husband. Republican character old cold sit black. Adult hold north site. Tax among produce include according left include.
b7d6e69a-cf1f-4a8f-a3bb-be029e48212f,1115,25,2021-10-23,5,Region manage indeed yet natural. Some organization so increase clear. Information doctor camera myself account director difficult.
ab186066-5979-4fe9-8b17-53c03f9b0b9a,1055,55,2018-03-11,5,Leader first whether compare opportunity world. Serve woman knowledge heart both in understand citizen. Hard off too this yet stop fact.
f858ba6f-1e0d-43d4-9598-ed2fd0d9e5c2,1087,30,2022-05-17,3,Avoid mention four in. Democrat rich enough may want tend prepare last.
f9c725a0-ec16-4d3b-b7f1-889560700a56,1094,61,2021-06-09,1,Arrive because top stand. Say federal foreign any evidence. Language rate campaign current similar become cold.
b7258860-9e35-4d68-86d6-32be19ab26a1,1445,16,2019-05-26,4,Go career charge model. Could the statement it thus heart.
46eb660e-028f-480a-972a-79eac843f08a,1160,80,2018-09-07,1,Product offer dark foreign send that top. Magazine behind material but important action. Deal go to test network group time.
c7d85813-097a-42ca-9095-779fc70d735d,1510,27,2021-02-17,1,Positive central perhaps side on drive arrive.
e003eff9-1df4-4cda-81c7-548eac927d07,1336,80,2019-10-08,2,Buy now these economy heavy gun. Whatever light window quite watch water news.
37ce59a4-11d2-4d9e-8d71-60f4f6f30e62,1181,69,2021-07-18,1,Most exactly take its. Item what military various commercial. Reason plant wear knowledge within first chance.
b05c48e9-033e-4eb5-8b25-caa48df76346,1256,38,2017-06-19,3,Media once as present. Describe significant some protect. Something always several six expert discuss positive she. Size later offer maybe paper course.
25d8016f-88f6-4fa3-9d65-9c967dd22d09,1083,67,2018-06-17,3,During month me. Church source watch end particularly.
098261be-4f34-447c-852f-5aed0f8eb3f0,1032,49,2019-11-27,5,Life yard travel. Imagine various large care.
221fbf62-c9c1-46ea-b045-e582ea6acd61,1575,30,2018-03-06,1,Style figure party. Grow red leader girl commercial recently east player.
9ba5e86e-4b27-4c6f-93f9-6b8306ad7e0d,1080,3,2022-03-26,1,Million hope relationship. Similar majority American might condition sense often control. Network same ago team theory question.
24d90a7f-2fc7-4b92-ab68-ea07fae8758e,1115,52,2022-08-16,4,Least let beautiful. True PM commercial.
5f7616fc-9bab-49b4-8105-43b940f4bf52,1585,63,2023-06-01,1,Actually mention far feeling deal whether. Hear energy bar hard project.
00052239-d648-4307-9d21-07cd605358c4,1168,28,2020-05-10,1,Must direction floor maintain direction choose. Window truth stock establish tough strong anyone safe.
0dc353c2-cb54-4ca8-9bec-bb6648a6efa8,1258,69,2021-08-09,4,Spring growth often time paper from send quickly. Discussion government exactly decide region.
ab6e55a7-b702-4b10-bb1a-eec10e98c5d2,1395,10,2019-08-11,4,Buy key very seek. Statement Mr issue traditional couple Congress including. Whatever news center else theory. Case young collection feel.
49b24f7e-2798-4c9f-b9bc-d6fb77742009,1171,3,2021-01-09,3,Contain house series serve edge what than. Arm product crime arm my understand until.
996f18e7-0600-4e04-b1bf-bd53b76a9000,1368,30,2019-06-11,5,Carry nearly environmental. Country until help realize heavy than push star.
3befc2b3-417b-4eb0-8944-f8a2c01a5bcf,1285,65,2020-02-22,1,Trip cover among center. When program I any husband single hand bar.
737d3466-6921-4d01-b9bb-89afcaf74c8b,1500,13,2022-05-17,5,Option art threat space compare long late. Indicate official red way.
466f5e19-6e2a-485d-9f17-13c8535fa4fc,1253,69,2017-09-04,5,Teacher model figure teacher. Talk pick degree budget cell ten.Theory hard protect own season happen. Manager plant music green more stock day.
7d03cafd-0d0f-4991-b116-96a7df1e252a,1171,67,2018-02-01,1,Memory or mind under through owner response. Own mission for consider. Product general tax cover leave order team significant.
33064f94-8894-491f-a822-2241d095b097,1123,58,2018-01-16,3,Thus couple moment. Economic air another charge only will. Shoulder growth subject compare. Sport argue operation accept friend.
9a136850-797c-4166-bd36-9d11ef5c06f9,1591,40,2018-06-04,2,Thing always reason quickly. Article open others reflect more available make.
3b41940e-f11c-4fca-8918-be512660ce2c,1360,13,2022-01-05,3,Decide southern indicate dark a. Call soldier special morning ever benefit. While could billion stay like sort organization.
96e76bf9-532f-43d8-b4a0-16a46b247417,1046,30,2021-12-05,3,Few manager notice catch security job.
a3f865f1-3729-41bf-a421-2782993c2302,1584,42,2019-08-17,1,Head above investment throughout feeling something break. Whose camera success wait mother. Unit dream paper involve bed gun.
3f91d16e-c4b8-47a1-8365-101852dfe4f6,1067,26,2020-05-03,2,Make ready activity certainly apply low you.
e4c95131-e8d3-4816-9ae1-eeaaab18aa76,1319,63,2021-11-24,5,Theory over remain raise treat. Consider girl major yourself pass follow. Pay major language loss stock society color.
e062b28c-acb2-4757-ad94-d03a84daf990,1435,27,2017-11-06,5,Tax by it beat compare car. His voice guy catch music agreement. My word book war share.
375149ad-7c7a-4470-aead-6b69222bc91b,1250,47,2020-10-03,4,Sign me maybe miss rise. Myself their population author five.
f054aca0-4ce3-4c38-94be-b99ec12b7722,1182,21,2018-12-31,3,Drive public bar. Total range development process prepare actually. Item really of spend yes medical others. Experience back can majority central.
857bc4c0-3b69-452d-bc8d-f75657d8285c,1137,42,2019-05-14,3,Science special join air drop whole site full. Help conference today task friend. Season eat whether inside action avoid. Relate third draw forward. Those matter live medical way ever area.
db51f74a-873d-478b-8234-b73c8dc12018,1277,78,2023-06-15,5,There effect true friend sit who until. Money data military capital win protect action.
ae66cd9a-9624-453c-95ea-dde9b3d09357,1416,50,2018-03-11,3,Case subject prepare speech yard example avoid. Test account happen remember wall strong she. Best pattern rate stop finally fear body.
3ae9b8dd-eee8-4dda-91e2-af700107435f,1004,81,2020-04-30,3,Crime heavy actually others tend base five. Sign performance table study. This city feel goal.
13a6d332-5b7c-4330-a342-9522f386e2f9,1288,50,2020-05-11,3,Prove history none. Necessary argue this usually peace allow themselves. Eye law spring particular business.
ace8c69b-a62e-4810-89c6-67298582066b,1261,27,2019-10-01,1,With usually you. World future should so eight firm stop. Pattern foot right home suggest. Sea some reach quality wife. Whose recognize how star nature where.
c56b1b13-929e-4223-aa47-5e442167fdac,1134,3,2021-02-08,2,Mind factor worker carry involve song star. Few south remain heart find. Information money town teacher conference behind ball. Technology action third speak employee much.
e01cc6b3-9893-4ffa-b7f4-1016787a3637,1296,77,2018-09-09,2,Every sell deep born. Those week high success somebody. Growth memory person woman.
d76b5a6c-8653-4415-ad99-5f69043a3f2a,1541,35,2022-12-27,2,Perform price anything. Hear economy provide figure Mrs.
36da3cbc-452a-4e09-a377-1592cd989939,1415,44,2017-08-24,1,Miss live could final popular former interest oil. Material anyone about yeah challenge. Though then worry just vote much someone process. First dog laugh nice.
776240cc-dfc3-4f61-9a0f-5a735a19d352,1337,24,2022-03-14,5,Stop air with base benefit. Player moment candidate this radio mission interview approach.
0ef48b5c-d466-4e2b-bca5-511317466630,1329,53,2018-12-27,5,Wear gas behind song subject ask design. Address dog perform prevent near attorney gun. Matter officer hot they though conference bar.
d468ce0a-d051-47b4-8e70-0be7329ed5d5,1341,28,2022-04-12,1,Debate big general example happen camera. Ready rest PM investment score collection. Yeah bring anything garden charge know. Art here occur despite poor send parent.
cebeb34b-d365-4803-a3f5-f946f324b393,1509,37,2017-11-30,4,Far kind material natural economic building sell. To expect ball reflect safe next. Public real help say street site third. Team indicate close between care part during according.
3fdb97b0-74e8-42c4-962b-1dd19a4a68f8,1060,17,2019-02-17,1,Fish exactly tree truth magazine. Respond hard clearly to this. East prevent change family name past.
f2ac0245-7349-4d2d-aeab-65c7d0497725,1072,73,2019-05-26,5,Spend decision exactly standard explain. Scientist possible eight his nation story. I economy paper section. Probably before perform same kind high.
efc35462-fe20-483c-96f9-58d2e15985ec,1423,77,2020-07-28,2,Despite project charge garden crime. List yard want them couple fund sound. Only born floor common machine Democrat realize.
b94c025d-a8a3-41a6-854e-e66ff1e58b5d,1016,43,2022-03-15,1,Thus place your money should professional fear. Sea tend especially energy.
6856231b-e036-4654-97b6-fca29999e4c0,1091,71,2020-01-07,2,Interview wear tree base team billion college trouble. Majority article write finally.
fbc3e7f8-780f-49c3-bf13-67de4dec1cfb,1484,12,2021-12-06,3,Kid part again statement. Morning vote other free summer hot. Newspaper my sing.
278fa481-a614-47cc-956a-007950e47b35,1244,1,2018-10-12,5,Receive voice character get account consider either. Conference grow smile describe sign ask step soon. Mouth weight fast common history final under.
3730782f-ba4f-4a7e-9e61-6232b319fdfa,1478,29,2019-12-29,5,When skill knowledge threat company benefit point. Build policy position clear hair center care.
0dbcc31d-bf12-4822-847e-eab246ac5373,1577,60,2023-02-11,3,Perform whom human individual expert left evidence. Bag instead case bad machine more weight. Person family explain.
0189e760-9e37-4cd3-be2d-2564f5e35aa3,1558,50,2018-11-05,1,City group left hundred morning.
f149181b-8ceb-4df7-a922-57615df4d584,1291,43,2019-12-24,4,Large series boy bad audience government charge range. Class same join interest. Goal record foreign meet oil. Do official serious old kitchen.
ba6af6d5-41b3-45e9-850c-5794dbe9b444,1478,24,2021-12-14,4,Whose account more social make follow.
4a7ee850-fe43-45c6-8ce5-42d6f4e48e02,1271,58,2017-07-31,5,Person run everyone according number think night. News seem dark party order sell possible.
c93de558-230e-46ba-bb66-d823b8c81b8d,1020,17,2023-01-26,2,Rock truth others gun sport nearly. Century space agree employee baby nature exist yet.
8fbc5e8a-a9c9-4c23-9bef-57c211e05a7e,1157,32,2018-05-11,2,Police establish six coach. Life during PM probably. Mean treatment want great. Drop short while analysis common. Market myself happy difference show that sometimes. Shake among leave onto score.
6daf025e-2ab1-48b3-a8c4-2839ae591ae8,1513,77,2022-05-16,3,Find lot our professor bank. Light commercial scene house capital. Finally line concern central fall movie. Road nation nation another for. Community although leg reason health.
2a1af81d-44f7-46df-ae7c-e23cda09daec,1428,60,2017-07-07,4,Cover certainly rock run feeling program benefit current. Bank occur provide page course ago throughout. Southern story student claim. Worry officer low attorney tonight personal food.
a3f13166-ba99-402b-b384-c8e408bc89da,1401,35,2020-06-29,3,Treatment available although seek do make. Guy ask respond eight. Yeah create offer data standard language.
f8161dbe-28e7-4f45-8d8b-d176c9b0df57,1506,21,2020-01-26,3,Yourself agent course face able. Kid degree million Congress generation.
1808c42e-49f3-4095-a31e-a68096c68044,1023,7,2022-05-24,1,Reach carry common. Institution successful place various certainly soon respond.
50bec6b6-9f4f-4c12-ac64-7bf8f3ec74b8,1368,81,2019-03-12,4,Charge rate approach take certain. Could course raise activity.
4a39bcec-fb0b-455e-b789-87827beb4a84,1231,36,2021-04-17,1,Start such blue site word entire road.
c3914f74-42f3-4d72-9be7-0a658b240ed7,1202,25,2018-04-17,1,Over half sound relationship little. Gas drug during history check view laugh.
7349356a-315a-4fa1-8ce4-649d24d63312,1058,26,2021-03-05,2,Full or simple within why military. Successful thing career gas everyone guess woman.
b79a2311-0e2b-4f70-bb7c-7599a87f748c,1373,20,2021-07-04,1,Reflect interview claim some. Focus artist mission.
7d1d1a54-636b-4f7a-b815-427260e95170,1464,57,2017-12-31,1,Possible late region skin news teacher. Bad article rich recent job speak they order. Music same wrong choice firm.
056817b4-da4f-4c9d-907c-4900ffbe9f23,1232,68,2022-09-26,3,Building program than ago. Term industry dark each clearly right I. Fight career third road actually its.
85890c76-c3c6-4f19-826b-73986aae2803,1060,56,2020-01-27,3,Attorney more interesting nothing produce sit born. Product simple fly surface pattern general suggest paper. Although also natural go.
e564ad12-7396-4ff6-94fb-b2b545fe2020,1580,3,2022-03-20,3,Major follow may action hit room. Movement throughout hand. Approach fire say country along military.
618f0c5d-74bd-4d91-b1c5-1a6a2221c478,1140,24,2017-06-26,3,Fire music agency instead. Common leg teacher born until. Tax turn wide budget.
85cfba22-6da7-4006-a036-8c7061d7865f,1250,33,2017-08-07,3,Process our mouth form listen method. Business body rather. Benefit run arrive explain point good example.
6e00f1f3-f6c3-4722-8103-297ec042ec36,1004,55,2021-09-15,2,Box personal answer fly key foreign into. Late say yourself training. Significant nice leader however.
e640ff1c-23cf-4521-87cf-69932186406a,1295,61,2018-07-06,2,Soon general with join number finally end. More end maybe customer scene. Student letter couple body.
dfa42a57-7eaa-4c12-885a-6b233312e0de,1419,25,2019-03-13,2,Fast expert type news chance kid. Always act card fire.
602e06b5-d9b6-4d43-88c7-a713fa6a1386,1177,51,2018-02-21,1,On public eye individual. Dog beyond idea place. Truth last off these TV similar member.0
0da1302d-3c75-4d2a-b554-c4bbde36ab27,1493,28,2021-10-02,2,Fear smile program trip someone great degree. Long collection available attack dark reveal hard. Light skin mean huge.
cd15e392-20c1-4c4e-8dbf-42cb9f7a3d40,1157,46,2021-08-05,1,Happy make either movement. Food those new any opportunity. Identify opportunity person later stage service reality.
42d2dd79-098f-487d-9199-647b46949248,1283,26,2019-06-08,5,Talk remember leg majority environment forget much whatever. Child letter recent Mr popular will magazine.
19da8860-bf1e-42f4-b85a-b9acb921647f,1281,4,2018-06-21,1,Her five already those certainly happen. Claim down loss wear pattern maintain form. Begin after many have away television.
2be6a96d-4ca5-48f6-866f-323069584c72,1504,16,2023-03-17,3,What special positive. Final heart recently name group career unit.
35981001-4c86-4b60-bdda-0e65850c9577,1278,73,2023-06-06,5,Food certainly authority product. Tough nearly firm.
d676836b-8cd0-4cde-ba36-9d37caaed304,1325,3,2019-01-30,5,Them successful make capital north. Move population fear peace recently. Last bank firm not box individual conference.
41c450dd-e07f-4434-8c8e-8e135683aba6,1068,72,2022-03-06,3,Positive involve bit same us business century. Two than type list. Mouth raise fly consider.
85fda29a-19f9-4d3f-b930-4ba3631b3046,1533,67,2018-09-30,1,Professional skill improve popular.
a95636ee-df37-46e4-85a6-75dba891b38c,1480,60,2021-04-07,1,Nor they peace nothing close stop wife for. Give this cultural family.
389ef32a-49ef-4f02-8009-e103575679fc,1266,10,2021-06-02,3,Hit for learn hand.
954fbb36-2102-4c65-a28e-ec36c9d29591,1093,15,2018-04-27,1,Guess year win. Election ready police week cultural when. War suggest detail everything organization against else.
4d4626ae-4499-42a9-9868-c0a7919da644,1321,34,2017-08-28,1,Team to street tree soldier true allow point. Alone interesting add approach item race.
6f3880a2-ae61-4bbe-b5e9-4d420ea20cff,1037,28,2018-05-30,3,To remain six at difference interest agent. People participant outside there result company address. Two by practice response shake finally. Per plant gun collection front seven.
5790ad50-0f85-49cb-a0c9-03980e3d7b2f,1234,61,2017-06-22,3,Attention star garden feel step sell base. Kitchen least set result fine fill. State herself nothing will.
5f27ec64-101b-437e-8c18-b3cea9bec7bf,1044,79,2019-03-22,2,Easy community computer government lawyer ten. Common fine forward compare.
3e8217c6-e09e-44ad-b986-10aa3730f041,1444,80,2018-03-07,1,What card cold early out reality surface. Suffer particular recent billion contain mission. Remember deal thing reflect series here. Free early situation us whether.
990a9f89-2692-426c-a554-8b8501c90877,1189,71,2021-10-17,3,South cause party bar white understand without to. Care establish color join. Movie network technology.
f988bf4b-5d94-48cd-bac3-645f9ee47905,1565,74,2022-07-15,4,Pull international admit while. Describe support issue beautiful visit program financial true.
97d371ce-cd44-4d2b-bd8e-fecdd7d8b41f,1515,55,2020-01-04,3,Few guy total ability. Add under as marriage majority strong.
7b68709d-54a0-4a01-ac92-56622e5ea94f,1567,81,2021-09-21,5,Next whatever industry. Mr voice democratic. Popular official source walk nation role happen.
f0037939-7c17-4bcd-9b6d-f456b07d9f7f,1579,14,2022-08-14,2,Single there soon tend parent. Act magazine when meet. Modern today ball face minute send. Laugh page whatever part treat assume.
f63228f2-3560-405a-8894-7781ee294556,1399,81,2019-09-24,1,Wall ok beyond four character exactly office trade. Expert dog night whatever possible pretty sing. Seem yet grow state.
d85b0651-e871-46b0-8efe-50ded81281f8,1583,19,2021-11-08,1,Their mind determine factor stuff. Oil question threat media light it. Focus garden better summer.
21c05d02-c176-4614-a5e9-a21ac6380fa3,1085,70,2021-04-22,1,Whatever represent step left require subject act. Hope machine have get.
89dad8e2-1120-4f9b-a06c-1f66ef262714,1106,39,2021-07-15,1,Modern behind federal speak trade question main. Class level finish better score main member already.
181727c3-9bb2-4b0b-a778-117677301cdd,1198,42,2022-12-09,4,Ball hot kitchen feel light charge. American chair tax. Shake coach argue culture.
d9d42ce6-8309-4d15-bf19-47ef6971f56f,1101,60,2022-10-12,4,Again pick despite particularly though.
88012c4a-4aac-43ab-a272-6d6e691144d3,1023,70,2022-03-02,4,Teach reality material itself education person television. Hear whole pressure school office conference line.
d84469fb-83d5-4e1e-9ea3-f8e9e29e8a1e,1419,68,2020-01-23,5,Green above sell themselves lot act. Teacher international last party unit fine news.
db7c9ceb-7379-4505-bf98-ee7254d679bf,1068,70,2018-10-27,3,Strategy in down. Work make accept within ability. Interview fund everything happen enter.
dbed1d3c-b5c3-4359-a02c-9a87b5bb4252,1449,23,2018-11-02,5,School make general marriage more dream. Scene meet statement blood key focus building. Thank former arm exist form.
1b753d88-b778-4aef-bd70-267dc807c4cb,1223,72,2019-08-01,3,Result manager from. Society subject value develop. Do maybe magazine hot make instead once.
fc58a81b-bc49-42ce-a0e1-c2f154648668,1566,19,2021-07-10,2,Open answer never not natural single stay certainly. School million trade vote. Front group central buy subject far collection. Child maintain picture it art ability.
0ab365ff-9987-43fe-96f0-c5cedc4de262,1368,62,2019-12-09,3,Page list adult area let performance sister feeling. Nation part large. Will stage including three chance plan.
958083cf-6b61-4d8f-ac22-948a42d039d8,1181,15,2021-05-11,4,Compare arrive federal buy great. Somebody knowledge wait pick measure draw gun. Whole happen glass.
265f2fde-818d-42cb-a902-5b34f9043e16,1131,9,2022-03-19,4,Response middle spring choose. Reason this realize bit affect girl let success. Less fish about maybe total apply.
c98d6197-c716-437e-80fc-253d4098ef0a,1507,1,2017-06-18,5,Include debate natural than. Green together month campaign detail talk nice. Page left light else message.
5db15ade-c921-4dc3-85d9-a6716696d65a,1208,14,2023-03-30,5,Pretty physical surface. Three success movie attention military. Star available boy bank wife. Democratic consumer director or account shoulder economic.
e6dcf56c-0735-4ccb-b98f-cadb0793bfb1,1475,27,2020-09-05,5,Case lay choice catch lot. Past although candidate record heart.
ca2e3362-08a2-4253-90bb-edf5f1c0cc01,1524,70,2020-11-08,2,Special develop improve allow mean be sign. Old tonight process sometimes region rise information. Account down trip military.
844f4e6f-6483-4b67-a12e-d59b902fa2a9,1100,2,2021-11-04,3,Style performance spring experience. Score very involve break someone perform conference.
0da76fa0-e0eb-4445-9ff7-120c52d3ef75,1499,50,2022-05-30,4,Meeting worry tend serve open fear military. Performance ask seek case report stage time.
406346a7-258f-4f42-80e1-aac382f7236c,1043,75,2022-10-08,1,Turn within yet work speak. Mean suggest modern see.
e4a23dfa-1be4-4ce7-83dc-eff552667d4c,1463,22,2022-09-22,1,Force herself beautiful next. These through change modern language bad.
18401dc1-a853-4253-a597-6db6b8fe377b,1013,50,2018-11-21,5,Skin purpose sound body themselves improve support not. Many back discuss and reason.
a4762c92-ad70-4f8e-8460-654de280a4f3,1211,51,2017-06-23,4,Building food page form. Human soldier catch people fear as especially clear.
b9796858-d524-4c9c-bd88-0980cd7d9c41,1435,31,2021-02-02,5,Adult chair offer institution also around. Design be face structure and.
4a0130ab-ca1c-4dc2-91d6-e2d8af811355,1155,20,2019-07-25,4,Especially create sort director themselves plan player. Alone that sort base worry.
4758820f-0477-44c9-a493-0c83a1ea261d,1563,64,2018-12-17,2,Pattern describe buy both conference. Property six three according. After form though news item check west defense.
cfba8ade-4351-4e67-9eb8-0e2389f0f442,1082,74,2021-04-03,2,Lawyer small consider list. True finally religious blue long section. She up event group fine able bill. Probably fight public mother here we different.
6d159eda-4991-48e0-addf-cce00a0c481b,1422,79,2019-09-15,2,With something trouble write such history reason card. Task step four. Spring front management technology particular. Long expect day second paper risk culture born.
440c1444-7dfd-48e8-8721-ef1d06916443,1036,45,2020-05-19,3,Chair generation study claim door meet. By avoid administration young. Research though against pressure adult see.
398c8914-01aa-4d2e-bd01-183a3aced0cc,1402,50,2022-06-05,3,Future threat air theory economy. Party nearly police human community school later. Skin ask then work.
81e8f223-d2c5-4326-b0d1-eaacab6dccf9,1110,17,2018-03-27,3,Pay interest natural. Six close a without former. Evening nature argue reality forward.
24329633-538c-4443-801e-8ff0224426bb,1247,35,2020-01-21,5,Water week baby over away. Easy ready left information.
449f93d0-4c7c-4d82-a3c2-e54efe550923,1141,47,2020-04-05,5,Charge less edge often make. Ball reduce allow crime total.
ecc5f895-2acb-45f0-9185-0e1e64f74cc4,1103,69,2019-12-05,5,Today record possible ready. Tonight explain writer political raise machine later. Good well data song deep.
0dc892c8-a44a-431a-a603-f61f499184a1,1415,5,2022-07-15,4,Indicate middle exactly south next wall magazine. Game field peace inside technology behind state.
0c5fad3a-9904-46a2-ba74-c144b7bd8b82,1220,33,2018-10-18,5,Realize professional theory choose anyone state.
03575854-12e0-46bd-84f8-49e664329a4f,1474,32,2021-06-05,5,Write woman minute capital hot image.
0906fe09-eca5-4ed3-8bfa-2a7527a21511,1324,31,2018-09-10,4,Adult time order break range minute. Head can as.
e3a876fa-b19d-499d-94b5-94769d07738e,1353,69,2021-04-05,2,Likely participant drive out send worry. Half positive food standard discussion boy.
ab6ec949-00dc-405b-8f9f-ee0dbf509c1e,1148,47,2020-01-24,5,Will rate matter hard. World else work field rock natural appear. Under year already no society. Budget participant you red technology hit want.
10ba966d-6c27-4cd4-934e-48b646504434,1382,73,2023-01-02,2,Create born usually. Safe participant lose place. Tonight local either trouble.
e221f622-2c22-4932-a43b-70b7675ff57d,1366,53,2017-12-17,4,Foreign fund trouble three require view. Sing language leader feel personal off evidence. Yeah everybody significant leg land most everyone include.
5b007084-c47b-46b0-b8b9-e6780a1243c3,1224,77,2019-04-25,5,Professional rich as particularly past choose people.
c47f64f8-9741-4b5b-b2ea-8941971caa60,1412,18,2019-02-17,4,Street open market health. Win address maybe threat. Far or suddenly increase difference.
2e65ef39-e692-4461-af44-9054628867c4,1433,49,2023-02-28,4,Common form close popular receive. Although serious pull writer system state along.
ab18ba5f-a8ef-41aa-a705-71edfdd7960d,1444,63,2019-04-04,1,Rise wish purpose guess city maintain enough. Page company night letter often.
0aba2f2f-0dc6-42b5-ab99-fb16179503f9,1358,65,2022-08-01,4,Travel available involve another ten. Degree a itself pretty call push laugh. Picture resource form situation view role throw mention.
7c367a09-cbee-49a6-b98a-25b428e5316b,1385,79,2019-04-03,3,Sense quickly watch energy look still visit. Teach skin individual trial box wife.
9742ff53-0b7d-4ba6-b866-9ef1b83dc596,1454,72,2018-09-20,4,Easy tough walk. Environmental force produce dinner picture.
afe39591-5e72-4d45-a70c-24e0a2d36756,1325,79,2018-09-07,1,Study prove right spend picture. Budget movie beat appear. Course federal live admit.
055f5912-07d9-4733-b7af-66ff397544e5,1575,43,2020-03-26,3,Far item cause budget girl support. Occur up marriage international option public candidate. Add little his director position mention detail.
815ac30e-1afe-48ba-b824-e646de99b948,1530,39,2019-03-02,1,Concern war physical thank. Anything trip it wish piece without you. Attention open whatever believe.
53c5c905-0a1c-4008-83af-2096ca84f1e8,1558,80,2021-03-12,5,Address cultural each real hundred third.
fa2080d6-3d71-4f3a-883b-572104c6e76d,1094,18,2017-08-11,1,Stuff figure rather study. Sister thus billion marriage spring. Despite building simple indeed.
757bfcbe-5bad-436f-ad5b-08ed9c157009,1533,51,2023-01-11,4,Player success challenge player others type far. Day use we hour water.
deee118e-a0ba-42dc-a1ea-4f9c693da801,1268,62,2020-02-28,2,Little father growth including process option game. Alone enough real force. Run result under.
b5d3004b-a93f-49fc-933d-85a455129847,1240,39,2022-04-11,1,East can agree western career wait.
e551437a-6004-459e-b933-0e6e1e629c89,1377,3,2022-02-26,1,Collection race push throw say. Record give reach meet.
7761bf3e-e7d5-4dce-8d1c-6cdbcefe064a,1188,1,2018-05-10,4,Bad week natural yourself. Admit smile note. Fly today we factor leg job across.
54ae423a-3440-4ebd-a473-675ded4beef0,1215,30,2021-08-08,2,Town push edge specific fund heart field money. Billion purpose street laugh. By entire pretty kind black.
428d6ca9-905a-466d-854a-f1ac120e8bd1,1465,46,2021-09-11,3,Simple if leader while go. Let read indeed rest understand.
64b8a7da-e434-4c11-8b18-2f17296ac635,1205,9,2020-11-19,3,Personal could wear enjoy. Under customer heart option information attorney. Money new rock drop hundred against eat.
30117591-ec3d-4d78-88e9-2d5f8c1ea9d4,1500,10,2022-04-09,2,Meeting lose customer alone. Fire production travel little fight develop defense.
2177a240-a1bb-4338-aa87-84d0661dfd18,1436,38,2018-06-22,4,Close than plant many professional. My concern cold pressure this white on.
4c861317-8715-4c98-9584-c1d22d8fea64,1135,42,2021-11-10,3,Catch yet improve charge west. Bit if large.
2f926c9e-bd75-47b9-be2f-470296f5a2a2,1103,59,2022-08-25,3,Girl meeting special model interesting game. Involve chance effort boy response. Full imagine lawyer Congress simply they.
f225aa16-cc4d-49d3-b2c7-fcc73198e778,1286,12,2017-10-28,5,Attention either a weight financial analysis one. Table city require however property. Manager score help often toward.
e5f4ca8b-de45-448d-a5a2-47a6fd20c8dd,1312,51,2023-05-11,2,Environment machine pattern like significant. Song both research really back idea.
fa289669-a447-45dd-924c-948c0270fbed,1208,73,2018-07-19,4,Land to foreign modern claim place. Away tell task sort fill prove. Beat follow run many daughter hospital behavior.
cb9a6120-fe36-478f-bc6d-10aceee132db,1454,6,2018-09-17,2,Production I four paper relate. Everything their society himself speech. Federal wrong give religious open everybody.
50b12092-9dc4-4549-afbc-3b86850107a4,1026,73,2019-01-15,5,Leave possible admit professor would plan able admit. Citizen feeling fast but. Out dog our early network.
2b97bae3-5fc8-4023-866d-3efc2845783a,1306,3,2021-08-21,3,Simply until continue cause. Would sound political bit room.
f6c112bf-8a83-45dc-9dc7-53fb340222b7,1354,74,2017-08-15,4,Kind best factor method day computer hand develop. Ask hair area hot I.
dd69015d-7786-46f7-b2cc-aa2dfd1400e5,1565,9,2018-11-29,2,Use project stay. Herself none last arm specific do organization. Table care economy total issue clear them development.
59d2ee6d-a003-48a6-9e2d-1454f9a87fb2,1328,29,2019-05-14,5,Just work wall partner individual church public. Free hour happen sign.
bf8ac02d-9bc8-4f8e-bb26-2caa592baa4c,1575,35,2022-03-17,1,Will represent single fire base seem gun central. Big some decide say woman close son. Suffer plan door around.
9a45a516-fb5b-4ff8-9d7b-6e797c93cdef,1238,40,2019-09-15,2,Green mother only dark here. Under cover member million ok part. Single explain receive number both without knowledge old.
7acb5b4e-c025-44ae-8355-023cf50faebf,1551,3,2021-11-24,2,Skin executive increase character. Hundred economy well mind bring avoid. Technology debate number seem theory majority.
76a5afd6-f71a-44f0-a687-dad56e17a415,1128,3,2021-07-22,5,Full detail blood cell. Order her behavior create book whether. Floor end live site teacher.
fb2f0355-5cac-44ee-b38b-596b55a0e1c7,1340,69,2020-01-28,5,Development interesting agent science. More still close business note late seat career. Really history detail road tend week.
96541e24-aea5-4ae1-b826-716cbe18438a,1588,64,2019-08-10,2,With training seek seat and Mrs. Discussion worry east rock trial so summer.
61a07514-7954-47cb-a0e8-eef33996a41c,1265,76,2020-08-13,2,Your little policy turn. Debate decade sense price. Present doctor skill east full research.
b2e08fea-85e1-4fc3-9371-7e902d630192,1472,15,2022-03-18,4,Raise think keep involve ball. Off church almost write contain environment law. Simple how forward stop bed series.
e0c9528c-376b-43fa-b464-39671e19f096,1186,8,2022-01-30,1,Exist garden argue usually one what. Nice ahead imagine affect trouble. Despite father act star two imagine worry miss.
4fa9f9f5-2be3-404b-a3a1-f4cf13dfa786,1240,71,2021-09-11,3,Food offer performance foreign. Standard official key study control. Senior lot owner way describe southern foot.
a1fb1ba9-fcc7-48c1-a19e-6fa1af2fe55a,1406,74,2021-02-14,5,Doctor sell show kid green middle travel instead. Their east condition nature me.
d2fdcef9-42f5-4753-b4d0-de1acf06b150,1387,37,2020-10-15,4,Fish PM rich run. Success second marriage they drop whatever.
1baf8585-aa4c-4a7b-a480-c2185759f8d0,1332,40,2018-01-02,5,Subject financial board son house. Up animal decision music administration wrong.
977efcbb-d86f-4689-89a5-54afeb044ce7,1536,41,2022-11-14,2,For building close public system join. Against learn enter parent strong dinner anyone. Dream authority fire include baby whatever choose. Turn join key since.
dd954f26-bff4-480d-bc09-ccf9b186ec29,1295,73,2017-07-21,5,Smile send like next in use force. Safe wrong including building whatever meet.
a0031d00-62e8-40cb-a238-f2deacd75be8,1556,21,2020-08-22,5,Risk room bag east. Democratic maybe kid four apply. Option life door him yes.
b6e64134-9111-4031-8839-95be2c6708e2,1487,6,2021-09-19,3,World else east actually will use crime within. Central source car other condition personal. Street admit first into service reveal. There fight next employee federal situation.
1b12d3fb-af06-4f6c-9e41-a0c0b7859273,1071,49,2022-02-13,3,Case less shoulder town know prevent guy. Environment eat agreement black.
a08c96f3-0712-4efe-beec-a4a38154847f,1300,59,2018-04-16,2,Lead pay customer far specific. Ten newspaper plant short admit consider.
3d1b5f39-9c16-4d62-b24a-e3daffb87f1d,1100,69,2020-06-17,3,Front local each model often commercial light. Offer spend will business. For example speak.
574bb0ad-72eb-44f1-8247-b2f145f7d19e,1186,79,2022-01-11,2,Carry onto century music be understand night. Maintain exist sense success. He plant son tax ok message.
d7ed260b-1139-4ccc-b60f-a16a4390b133,1546,74,2018-03-23,2,Push mother page.
bc92bf93-96c9-4f85-9f01-6bdb5225aa67,1557,53,2020-09-21,3,Reflect kid account. Face town want quality hand future realize. Approach others foot market cold.
5e70de91-1e8d-48c0-b14e-f9c661141298,1397,75,2023-04-04,1,Heart find pull. Quality find inside think.
188350f1-0444-4859-926a-222cbdb3534a,1470,8,2020-08-26,3,Cell money have street support. Drug man possible unit. Analysis father parent win step policy sort.
39a63e48-59a0-460e-a6ab-192735f92dc8,1294,60,2022-08-03,1,Lead do town yard light think not. Prepare bed strong. Right painting reality bad relate someone series.
ee7fd6fe-1ca8-4214-8072-81804d1ad97e,1420,17,2020-11-23,1,Tough political production before trouble each star. History top themselves past bring wrong through.
4c344653-e2f7-4855-a603-43a6ef94269f,1350,11,2022-03-20,4,Important lead behavior knowledge practice later.
9af904d0-be84-46e0-9e47-f604b3fa571e,1172,55,2018-11-18,3,After property defense. Before knowledge around should the. Consider development cultural through memory word.
56f82041-b9a8-41b9-8021-2c4d0406f466,1467,45,2019-07-18,4,Idea fund factor. Body participant pay per by job serve service.
ef53c381-05a4-47c9-83d3-38b037c53f03,1282,9,2019-08-24,2,While maintain imagine or quickly. Our hotel same team.
789d45bd-ef4d-4880-98f5-29a313c399cc,1511,81,2019-01-09,3,Nearly be interview people soldier physical open later. Least information even class.
b8b3fdab-bb1a-41c4-85e4-c51b4ac467e6,1316,62,2021-07-30,1,Full he loss air nation. Trade pretty customer treatment. Station operation suffer information industry.
20a876d9-da82-4228-8a88-a7ce66d60bd0,1460,59,2022-11-19,4,Outside range continue bit news likely risk despite. Than its begin white maintain message defense. Interest road less world page.
2b89b607-fb81-47ad-beeb-2467b9433219,1163,60,2023-03-25,5,Coach lead camera political. Pass city woman charge service hot. Feel direction study any eight director deep.
56d5bd27-84d7-4882-a076-460485e8ff60,1167,3,2022-02-07,1,Lot life month only. It play religious mission yet. Both his smile professor life.
454a7af4-c313-4748-b2fb-03585e6ae7ee,1024,75,2019-12-16,5,Chair more themselves rather cover apply. Product under skin design stock spring. State book team response.
5b83d8ad-9d43-4155-947a-e930a3d5c29d,1053,61,2018-12-15,1,Range friend easy. End present rest be social final.
f18dce16-2c19-4544-bf5c-6060a6e8badb,1064,33,2018-04-23,3,Stand happy have could seat create take. Kid down consumer poor.
383a1d48-617d-4b15-b9c7-48972332ec3a,1439,41,2021-04-24,5,Design organization out debate keep. Car guess form short major try last.
b5e7fdd4-a48c-4bd2-8988-f3b023e7a4fd,1255,10,2018-12-11,3,Answer technology class term effort born. Else clear enough should right senior out. Understand imagine major visit forward hour nearly.
97237369-8af7-4a7b-ac1f-6ad3d962f982,1573,64,2019-11-21,5,Suddenly white nearly subject. Letter include ever film. Pattern article program threat yard partner husband.
6fcb009c-bd63-4058-9928-7cd58d12b840,1375,69,2018-08-31,5,Arm worry interview class raise never keep. Visit during situation daughter ground suddenly.
142f5cb3-e967-48e2-adb1-698706d58788,1255,56,2021-07-31,2,Herself interesting occur speak help space. Suffer discuss body about late. Rest edge she peace a happen protect weight.
3b6f4ff0-c870-4255-8838-7600a23d54aa,1337,43,2021-12-23,4,How result ball law. Best term interview four wait camera end.
4dd708e4-c8dc-4212-8397-5a3e3782606b,1127,12,2018-03-26,1,Wrong with finish analysis share more wife.
fab96801-d230-4083-acd0-93c4592976ea,1385,24,2018-08-08,3,None about exist away morning understand. Instead role animal realize test allow idea. Follow family whose more policy former make.
ee4f1797-bc0f-47d4-b423-4ba68a536cfc,1481,45,2022-05-08,5,Ground quickly of always see finish interview. Rule story push point accept.
3deca147-70af-4a70-9a1f-5df9e6b2429f,1061,71,2018-01-29,5,According away court finally risk. Force decide direction someone you bag whose.
67b473a3-e7e7-4a4c-b132-a879d6cfdade,1364,47,2022-06-20,2,Sometimes laugh few section. Today make sing fire agency.
46c26b3d-97c7-40d4-970c-fbf159d3366a,1328,76,2017-06-18,4,Oil few daughter seem budget catch. Be admit six heavy important sea. Top adult short hair training during.
0044a843-806c-418e-b7bf-b20c9115ef23,1090,31,2020-02-26,4,Call focus model second across agreement western. Second form fly believe simple. Assume worker along education believe area.
52bae42c-86eb-4307-9643-7cfaf696eeba,1117,22,2021-04-26,1,Station visit official. Area bar level writer.
32fef825-5a65-4fb4-9f6c-11e7700e3553,1176,28,2018-05-13,4,Reflect bar opportunity station term peace however. Great structure chance community though.
dabfa0dc-9e0b-4d5f-ae85-cb61e66c6f72,1148,65,2018-04-28,1,Thank girl set current always. According quite investment among. Friend experience role leg tend.
9d42626d-94f6-44a8-ad9f-f932ede07bca,1297,80,2018-11-13,5,Than view mission since put. Part hospital decision environment act run. Local land success although.
a3e65921-67d2-4f7c-ae88-2367cd4345f9,1231,58,2023-04-04,2,Hotel heavy director. Act admit tell theory value hand song. Court skill life one total pattern collection role.
cacda76c-d005-418f-aa56-547dd5d305f6,1094,30,2019-09-15,2,Move office human common nation civil. Suggest figure continue budget reach better. White specific enter during challenge court cut form. Suggest lose drive plant well federal young.
d3503f5e-ca06-4aaf-a707-b55e59aeae9e,1482,56,2019-07-16,1,Energy own design develop. Their house apply rather others great.
a4d44afe-9163-494c-a7b4-118e4aa705ba,1488,66,2022-06-10,3,Exist move create likely class. Report add TV against commercial mother.
150f08d1-6313-43bb-8c16-2b5db3844e98,1168,7,2020-03-01,1,Person pretty like service issue loss.
748ddb13-fbf7-4d0e-a6cb-3c7da64783cd,1483,53,2022-01-01,3,Its sister southern citizen here. Student whatever environment add miss if relate organization.
ebc9207c-ae9d-4da4-aeca-69b14556bc6d,1113,34,2021-09-15,5,Eye that think smile. Catch leg between office visit cultural activity. Explain stuff small positive market bring appear general.
45c81287-baab-4650-ac09-14c3432ee931,1359,70,2019-08-11,1,Send hospital light. Close go economy trial reflect let others. Heart commercial sport drop make edge standard training.
ca9bcafd-7f9e-4eea-85bd-c257f96c69aa,1480,31,2020-05-05,3,Trade scientist choose story require season understand reach. Action citizen woman. By across sister environmental performance customer history.
da723a69-0e74-4519-a98c-c6cdbb0f2de6,1177,35,2019-07-28,4,Father eat common because. Already federal member key third.
b8de68d8-3577-432b-9836-5a83183cab1b,1034,18,2021-01-02,2,Hour skin north become. Year win yourself just.
31858605-bd95-46c2-8f78-d075ad1cc3d6,1301,17,2022-06-08,5,Start rate college letter decade.
bbd51387-b6db-4be2-82a7-c64c5ef3b96e,1001,57,2018-10-19,5,Trial scene defense ability main. Hair clearly allow teacher.
b8fdaf38-c1c9-4422-a0bc-cc6d1f688bbb,1214,43,2022-10-16,1,Voice money partner side food west resource. Media more day push order indeed join owner. Bag trip too crime test.
9912cdc9-c1eb-4003-94dc-81f10b436e21,1568,38,2017-07-24,1,Medical general traditional air scientist. Opportunity drug child detail place yes. Nor old man rock quite none value.
7b4ff099-c9d6-4626-9955-b96e191a2594,1093,81,2017-12-04,3,Amount out tonight subject interest every knowledge. What meeting reflect water wind. Who music voice floor those commercial hotel.
bc19b665-12b5-42c8-a1a9-5c187868606c,1154,81,2022-12-25,4,Source audience television rest area strong. Simply call house tell receive.
b2bf1a65-c860-4df2-af64-da3b95a57955,1281,29,2021-05-20,5,Industry community audience. Ready tell evidence executive allow purpose great moment. Yet relate open effect.
96f5ee34-dfcb-462c-aa58-157b700839f5,1007,7,2019-08-22,2,Week soldier paper tell to ready. Plan forget alone land nearly choose true.
c735b109-cad5-4014-beba-2fd229d82a61,1096,49,2017-08-26,5,Reflect suggest might real draw dark executive. Scene expect laugh somebody north hotel rate. Wind fast join last yet. Data glass only Congress easy president enter.
eef0c426-1ff2-4495-aef1-f142fe7bec29,1043,31,2022-11-15,4,Push doctor education rule Democrat chance forward. Catch ever detail late. Allow husband scene expect.
f8ee596b-c850-41bb-bee4-41e793cf4928,1151,42,2022-03-18,1,Item television year support executive movie. Carry expect various speak store reason office.
0c9c072f-99fc-4751-a151-914b4a7a962b,1092,77,2021-03-15,2,Dark sort exist something.
e7d81200-f056-40bf-98de-f8391b4eb090,1481,71,2018-03-14,5,School hear fast drug. Chair great simple.
12993ceb-3f66-465a-a93b-e9d5650f65b4,1156,21,2019-09-06,2,Color run fact past rest business result sound. Meeting property next southern past finally offer down. Whole realize language from might no wind feeling.
3e7a455d-a56b-491f-8f17-e30d83e8d932,1380,11,2020-05-04,3,With new hand heart economy. Condition thought oil true daughter before. Make national success drive detail.
b98d7240-5139-47a3-afa6-c19c986e2861,1306,8,2017-12-09,5,Foreign body probably finally performance. Sense recently perhaps race must.
9919ef8a-5936-4350-ade8-78196c510f6c,1077,22,2020-05-22,4,School rock option reflect might specific TV. Up foot wait mean.
e353829c-0763-4215-abe0-ad7341d5dc82,1214,19,2023-01-10,5,Ok half thought wrong executive. Behavior yet performance too keep.
7013698f-beae-464a-93cb-f0614a837df9,1064,45,2021-06-28,3,Customer size nation animal reflect green. Push item dark. Fire share air small involve clear air alone.
81b511ab-81a3-4366-8847-a2e63da3b9f7,1479,17,2019-05-12,2,Pm that decide first others garden attorney win. Beautiful quite for gun Congress. To describe professional play both method current. Over edge raise debate.
ed5acc36-da51-4edd-8002-829efeb6bbb3,1549,1,2017-06-11,5,Beat front include which nothing. Fish wonder film to.
8bd9beeb-1406-4938-98f8-686777b61e69,1343,74,2021-10-06,3,Charge nearly be none. Author later data peace teacher. Knowledge goal media science when. College become gun scientist show fear be.
2a9c426e-cd6d-4cf1-8899-534d7068cd95,1486,63,2022-10-20,4,More evidence player. Majority outside relate former work player.
9d67b2c6-f9c3-4ce9-8d61-2ce573e6cf11,1145,47,2021-06-14,5,Most wife could name you first. Quality woman conference itself from great. Growth have whose ago.
1bd30ee2-223e-4991-b4b7-d268d8305313,1083,64,2021-01-24,3,Fight at sometimes sit civil hold. World night conference join political despite air.
9418ec4c-c89c-4559-be81-74f5be9fbb64,1408,26,2022-05-28,1,Whom drug environment particular man. Ok moment wrong more black. Happy just upon season under church.
1ae34ce3-394a-4098-bef5-883325b1c423,1002,34,2023-05-20,3,Process service want. Tough watch mean must challenge.
5fff9ae7-0522-40f9-8919-4ae5f923c5ae,1392,73,2020-10-25,4,Fight west artist probably box down policy almost. To than image role look. Politics different address Democrat pressure position.
560427e7-528b-400d-8672-10124b82d0ca,1399,68,2021-12-29,5,Close think nothing return audience.
b614ed4c-9b14-4e2b-b953-f9af2260a8cd,1371,8,2019-10-27,3,Go determine authority represent approach community. Hit four through picture fear mouth.
1f0b9e59-de3b-46db-8a3e-17dc1cb65c93,1363,24,2023-01-27,4,Yet whether thought soldier describe. Recently election month score then believe.
e83004ea-d48b-46ac-a514-29903b4e9470,1150,31,2020-10-09,2,Information picture morning trouble. Piece society my important rock. Wish better central hit value hand.
32110d04-f242-4572-b548-6e1c4aacf592,1340,22,2019-10-07,2,Mind shake career commercial ground. Society author reality third. Suffer staff start point pattern seat.
445d938e-3847-4250-b778-650e0f835db0,1429,79,2018-07-21,1,Five student reason image a occur. Sign exactly recently line. More expert company. Dinner drug either subject various even just.
52d31fb4-f033-49bf-821e-45e4e51a821e,1568,23,2022-05-04,1,Eat others major Mr project. Population seven interview left. Administration writer tax consumer fall.
cfb9b618-8984-41c0-9e1c-3270dc122d30,1392,39,2018-07-30,2,Himself experience lot. Painting long friend article know body team. Thought stuff buy popular her.
722d2db2-903c-485b-b077-8e558901c890,1155,8,2017-09-24,3,Alone chance worry by sister find. Want those tree by individual name. Debate computer enter thousand fire father southern.
04f0aabf-f498-474b-ae63-cb663ec30d24,1048,4,2018-12-22,4,Air this unit mean reality. To light later rather begin. Whose everybody maintain I military car.
571f8221-b514-4d45-a65c-f463f5cc7a24,1123,80,2020-11-25,5,Part face Republican approach. Because door forget season notice field water save. Your whole more person control crime former.
e49beb2d-e73d-4127-bdb5-4e04055a1261,1580,52,2021-06-22,1,Serious box realize they yet free build true. Though Mr five majority section beautiful.
34078e91-009a-435e-af1e-63ccbc1b1bcd,1156,40,2022-01-21,2,Evening enjoy event goal. Agreement station deep allow wind woman economic.
68aae673-5129-4aaf-b921-c6e15baec90e,1387,33,2023-03-06,1,Tend country eye black arm him. Far seven these range.
5b94c9cf-20c6-48bd-adb6-6c04e8839d12,1045,70,2019-11-28,1,East team become father break. Together minute special edge. Event night blood sense.
5b086c41-91ca-48e3-8e11-15ea77d2ea5d,1283,79,2019-11-12,1,Add crime out star team plan goal. Usually memory amount customer world evening.
104685c5-a498-49b1-beb9-eaf9ebde0fc7,1541,69,2022-07-03,5,More hotel magazine stop every direction. Community serve also realize quality today push type.
28666333-53a3-4e8e-8170-f23edb4aa2f3,1152,80,2019-09-26,4,Past door general investment board court raise. Religious house through just wall season go. Might former key common responsibility director story. Close sort certainly key.
5d043ceb-5e40-477a-a734-ca0b659bfafe,1203,55,2022-06-15,2,Two Republican like know chance less. Open of rich ten prove himself statement.
c2d72528-3574-4c63-9084-de650a744e92,1050,65,2019-08-15,3,Western card none grow drive north our. Hit customer here cup themselves. Finish its but certain first.
51844908-0a84-41af-b9b7-cc039587aecc,1142,51,2022-06-01,4,Long east establish save just. Lot window cup recently almost. Something billion business again subject prepare.
299c723f-015c-4b33-97c5-369a1cef864b,1331,22,2018-01-27,3,Book fish we really serious nature. Speech cut business structure next.
76313261-1561-4c5f-9a4e-934aa38361da,1252,8,2019-06-05,4,Else marriage show strategy share. Before including sign important water throw sing. Difficult recognize room mind opportunity. Within big state new machine get.
7d81aa3e-fa97-4701-9286-967b7c314f37,1551,7,2019-10-13,2,Part interest station pattern. Party great thing feel new environmental. Set can plant opportunity glass out case structure.
3b0156c6-8ea6-48fc-b4d7-699ae5e05a8d,1310,8,2020-11-09,5,Letter shake shoulder collection administration. Manager off miss season.
189df7fe-ead2-4823-bbef-2123381a1bdc,1570,17,2023-04-10,3,Million stay themselves government glass remain trouble. Hour part for. Weight easy Mrs majority response.
af08a5f5-ef19-4100-b382-1ad76e0d8724,1033,25,2017-10-04,3,Republican card certain security newspaper. Community he allow leg they.
8639a362-c420-417f-a44b-d7a8cf796176,1118,17,2022-12-23,1,Drive southern attorney source million. Trip argue everything add maybe cell us project.
f0d8aba4-afde-4597-b2e9-f3c7cd1d8c19,1391,66,2018-07-12,4,Person rate any run. Suddenly rate note deep crime pressure.
6676bafb-bf63-4679-af15-f3d6c4d74907,1535,36,2021-06-23,2,Activity cut break especially.
dd353609-6f8b-4bc9-a20d-cb92ee30e00e,1433,23,2021-10-04,1,Where return car stay season identify.
9eafff4f-014d-478a-a92e-40ab8dacca26,1085,15,2023-04-30,2,Language wall girl not she. Ahead reduce large certainly degree national put crime. Real road difficult oil eat must.
204539f1-e17a-45f0-9d42-64c2d54e3929,1584,77,2019-06-17,4,Loss environment forward these actually together rather. Happen president writer may reach. Other ahead allow car.
24d5ddc6-9098-4484-a494-9a020c61f5e9,1428,48,2019-02-02,3,Buy reflect issue indeed so until. Spend seven moment lay writer.
3887c181-abea-4878-9466-290a21b96932,1107,79,2019-06-21,4,Paper improve then control official discussion. Play police number help.
cd3e25a8-98af-4248-b0e5-ea2f570276f0,1201,61,2021-10-28,2,Prepare itself model speak civil. Reason life if happen their. Floor important serve herself go system.
69104855-9632-4ea3-8539-f6e1e10bda42,1173,7,2017-09-27,2,Senior pass material maybe reason range. Its buy right leave source summer bring.
0723bd98-cf92-406e-8a2a-9100b5d4e470,1205,36,2023-05-15,1,Accept majority food practice guess follow hit though. Street put capital eight born. Against vote brother four bit probably professional close.
85d6f26c-18a9-4482-9347-bc2fcafe3fae,1241,69,2018-03-18,4,Person wait feeling goal. Open possible own wind police table nature.
e2f9f84b-4de1-4e6b-9985-46f971ae636c,1515,38,2020-02-25,1,Increase possible board team character. Seven film less different participant smile.
00a3c551-cb37-45ec-aa2a-02cb2f0df77d,1109,74,2021-01-27,4,Stuff item write enjoy today history according. Seat heavy ten learn poor reality size. Involve machine show science meet.
4ad1aff4-a3aa-4d3d-a198-c80bca8cc3cb,1244,56,2018-06-16,1,Expect staff avoid care. Standard adult official.
42c7f082-9c86-4b70-ac3a-11ed22e96f08,1022,3,2020-04-27,2,Coach large activity investment control western modern ever.
4da683dd-be66-4c22-bf20-5152412016d7,1134,27,2019-02-16,3,Daughter behavior star police participant reason. Go go would senior such identify.
aa0ab02b-e6c3-4201-81c0-c5a12c9a6c4e,1160,45,2020-02-28,4,Themselves garden body claim long decade yes. Back agreement teach they yes policy. West film nothing price without push central.
d3f9e1fc-ecae-457c-9d38-5807d0298201,1117,36,2020-12-11,2,Hotel yard western expert strong. Thank protect good treat. President beautiful bar.
3570feaf-68aa-4bbb-9a4b-f4b1bf0944d7,1127,81,2023-05-23,4,Describe throw set black role professor. Not he box personal apply business second page. Region seek far say artist control spend.
b904172f-2a47-44bb-b0d4-fe199b49c442,1090,24,2023-03-02,1,Laugh cell dream land prove blue camera. Certainly together you at he.
323f5423-d0da-48d3-9cfa-bd5e365ff2f1,1044,8,2021-04-03,3,Perhaps green wife control. Serious us south. There begin scene himself. Moment enjoy imagine.
90b25ffb-0694-4ac4-b112-424984981d93,1184,14,2022-01-05,1,Color turn listen those next room eat. Choice know edge for contain on. Baby current product direction worker simply sense.
6b7ca718-b945-43a4-95ca-d84788fd5f8f,1041,77,2021-01-12,4,Public body ready war morning stay husband. Trade imagine radio top table machine. Grow wonder chance draw work week character.
cbd3d46c-5395-4956-a2fd-5d7163931f0b,1507,55,2018-11-30,3,Nation our wonder ground job natural.
6d9efa58-49db-4989-99c4-35e78da6cc29,1513,16,2019-10-15,2,Guess which place special. Scene enough half class. Measure baby political camera write attorney.
a665ceaf-9798-4438-82b1-bb8d90ebc6c9,1332,77,2021-08-13,1,Determine natural degree follow experience. Until chance beyond popular.
e7a98735-b4a7-4227-91e4-87ecedd88297,1248,54,2019-09-21,3,Hot bed early man. Seven board training about organization skin model go. Happy heavy down box.
d6c38484-e5a0-423b-96c7-ba81cac7ed07,1101,66,2023-03-16,3,Nor new since old also I. Research check around cost window appear.
a165d143-a99b-41c7-8c38-337da7bfe8f9,1138,38,2023-03-28,5,None run trouble card break voice. Practice culture few nearly past. Approach hot reveal so role.
4d054f0d-b64e-4b1d-9a62-4e6c2bfa3413,1120,56,2017-06-09,2,Occur threat husband doctor. Opportunity tax argue away blood style movement. Who at serve guess hot. Anyone expect scene moment gun nothing whom.
2d595d68-2eac-44c0-a4b3-398114f61212,1487,10,2023-03-28,2,Pm maybe man live cut dark. Lose consider approach add these hit.
54336050-b98f-4497-8697-53c4e1a86a1a,1223,23,2018-03-02,4,Until stage walk amount entire. Expert radio college next family why.
f99c1eb3-147d-45a4-8924-0f2172350642,1428,31,2019-09-24,3,Wear collection story fight writer push smile. Interview really adult game pass.
bdc1ef4f-641a-4af5-8155-46d90e834142,1421,71,2020-03-27,2,Article throughout hair true culture. Community many society child box section.
ca2e2799-13b9-437b-b23e-84128f71a0b7,1028,71,2021-10-07,5,When someone ground than itself the image. After her century piece. Because itself least tonight level school.
f5192fb0-7c42-4d48-80a4-b19e87cbbc06,1554,20,2020-12-02,3,Would far particularly easy wife. Store budget travel feel experience heart give view. View good brother risk concern industry site continue. May from democratic computer blood.
c5eaa11a-bdac-4aab-9fc2-3dc64109b4ee,1085,80,2020-05-20,5,Follow race I watch effort base. Water man we security teacher accept. Argue color discuss player.
5c5db5bd-1c9e-4225-afc9-a88684237970,1326,40,2021-08-23,1,Power area myself human big.
9bdcab9f-07aa-47ce-905a-c93611a69538,1336,44,2023-05-13,2,Without inside model. Clearly single air ground before sense positive.
9bae13f6-c006-42ba-b078-4358471fc563,1285,55,2022-06-19,5,Heavy travel eat couple report full party represent. Site would seat base including security. Majority party administration including talk society.
e2ad8778-7724-433f-8dfa-3a25a73ab929,1200,74,2017-09-15,3,Must what high prevent different. Property machine deep population major form under.
1350e355-35b3-4ee6-9ee2-b53d6b1f0e26,1049,25,2022-07-08,3,Talk decade central position wall. Arm force certain good focus student. Computer list peace write job government thing lead. Sing establish provide player lot law here.
9534c4a0-dd6b-4c61-b7da-cabbab5fafbc,1238,4,2022-12-30,5,Nor hotel notice just beyond onto their. Simple college main interview quality enter standard others.
3fdf180d-4d8b-4676-ac68-75a80ef397de,1296,30,2021-03-22,2,Use poor simple manager worker behavior week. Believe somebody hotel Congress hot system voice drive.
213eca39-568e-45bd-9e0c-65f1a58bcabe,1458,20,2018-04-18,4,Growth after example movie. See its star drop industry less. Management task trade plant notice.
2ad15869-94e4-4ddb-bcfa-aff4f8a19976,1216,20,2022-12-20,5,Environment this off kitchen bag relate watch law. How this through expert city machine natural.
b976237b-3c79-4a1f-9eb0-5c63dbff2b42,1480,38,2020-02-01,3,Begin hope cost question lot reflect. Instead baby police line alone sister you though. Service sport others.
da6d99ee-2a3a-46a3-96d1-ca7f4a03efd1,1158,74,2019-03-06,4,Range old class dark someone several. Firm similar traditional state central. Matter although special world middle night.
a436cb1d-2c0d-49c9-9533-40e8382fe912,1230,46,2018-06-11,2,East institution before two without child.
69e96ce6-68ae-4577-a87b-5b8e72449b44,1196,68,2019-01-21,5,Receive yard while risk material last. Treatment training section change election. Glass cup sign sense after until. Market money receive throughout around benefit.
7de32b75-2c45-47f9-a744-7928d2c24657,1008,3,2018-11-18,5,Able yard tax break team large. Left much father he. Week federal under recent within fall story.
e4e280a3-0dd7-47fc-8d64-08015fc0fe5b,1380,60,2018-09-30,2,At second development partner. Everyone two loss music table past. Through Republican someone he.
a2bd336f-59ed-4710-8010-34f911210115,1304,45,2017-10-18,2,Reveal value who book table. Front policy upon then.
78b8efbd-f4a3-46f9-9ee5-be685cceae48,1552,5,2021-12-24,4,Deep term smile. Child guy physical key. Project gun I necessary discover tend really card.
e310ab17-e9c8-461f-bd53-29d1464d19f2,1106,42,2017-06-20,2,The because enough mission he. Stock writer last during product. Imagine read case work our company pull.
a0f01caa-7019-475c-9c3e-611137129e4d,1434,56,2022-02-13,5,Appear really first push the off. List people several fish face them the direction.
943043f1-fcdf-4fe0-b2f5-cf74bc49438d,1236,76,2017-12-02,5,Shoulder art much point pull current fire. Model garden end owner. Real hour less side.
7bba5ad2-7634-41e5-8f5b-a70deaebb946,1002,57,2019-06-04,4,Law within avoid right responsibility tax here.
709f675b-eacc-4b07-a3f8-1172b41fc8b8,1274,27,2021-12-27,2,Wife process case natural. Seek simple reality if. Country call toward how stay marriage movie.
703e6541-27ae-4346-8403-9e6d53d50051,1460,52,2019-06-04,4,Five American institution start north call. Enter food evening movement discuss. Answer cover democratic project bar.
c85e0386-b1e4-4a02-8cb2-6f6ebabee323,1345,23,2019-09-17,2,Capital at without close whose often. Chair choice law. Factor of trip often program PM. Push state increase back option discuss leader.
8fc8bb0a-aebb-4000-90e4-b7d5ad721e9a,1540,27,2018-11-13,3,Character long top among effect. Between to value around business full friend. Whatever set majority edge country woman last.
